{"schema":"mcs-ephem-v1","t_jd":[2457574.25,2457574.256944444,2457574.263888889,2457574.270833333,2457574.277777778,2457574.284722222,2457574.291666667,2457574.298611111,2457574.305555556,2457574.3125,2457574.319444444,2457574.326388889,2457574.333333333,2457574.340277778,2457574.347222222,2457574.354166667,2457574.361111111,2457574.368055556,2457574.375,2457574.381944444,2457574.388888889,2457574.395833333,2457574.402777778,2457574.409722222,2457574.416666667,2457574.423611111,2457574.430555556,2457574.4375,2457574.444444444,2457574.451388889,2457574.458333333,2457574.465277778,2457574.472222222,2457574.479166667,2457574.486111111,2457574.493055556,2457574.5,2457574.506944444,2457574.513888889,2457574.520833333,2457574.527777778,2457574.534722222,2457574.541666667,2457574.548611111,2457574.555555556,2457574.5625,2457574.569444444,2457574.576388889,2457574.583333333,2457574.590277778,2457574.597222222,2457574.604166667,2457574.611111111,2457574.618055556,2457574.625,2457574.631944444,2457574.638888889,2457574.645833333,2457574.652777778,2457574.659722222,2457574.666666667,2457574.673611111,2457574.680555556,2457574.6875,2457574.694444444,2457574.701388889,2457574.708333333,2457574.715277778,2457574.722222222,2457574.729166667,2457574.736111111,2457574.743055556,2457574.75,2457574.756944444,2457574.763888889,2457574.770833333,2457574.777777778,2457574.784722222,2457574.791666667,2457574.798611111,2457574.805555556,2457574.8125,2457574.819444444,2457574.826388889,2457574.833333333,2457574.840277778,2457574.847222222,2457574.854166667,2457574.861111111,2457574.868055556,2457574.875,2457574.881944444,2457574.888888889,2457574.895833333,2457574.902777778,2457574.909722222,2457574.916666667,2457574.923611111,2457574.930555556,2457574.9375,2457574.944444444,2457574.951388889,2457574.958333333,2457574.965277778,2457574.972222222,2457574.979166667,2457574.986111111,2457574.993055556,2457575.0],"pv":[-2.778563319103446,-8.9533446257021,-3.569256137390352,0.006652572943706628,-0.0006556672782256755,0.0005139671791341556,-2.7785171284732,-8.953349172115502,-3.569252572956222,0.006650328828623069,-0.0006537006012286519,0.0005125899200236029,-2.778470953421726,-8.953353704888473,-3.569249018084943,0.006648086256637387,-0.00065173883100175,0.0005112130782065746,-2.778424793938318,-8.953358224055032,-3.569245472773615,0.006645845225552476,-0.0006497819521440641,0.0005098366543458093,-2.778378650012286,-8.953362729649092,-3.569241937019333,0.006643605733167609,-0.0006478299493228214,0.0005084606490911858,-2.778332521632943,-8.953367221704465,-3.569238410819187,0.006641367777277333,-0.0006458828072719826,0.0005070850630791051,-2.778286408789634,-8.953371700254852,-3.569234894170266,0.006639131355672917,-0.0006439405107930712,0.0005057098969334406,-2.778240311471707,-8.953376165333848,-3.569231387069647,0.006636896466141245,-0.0006420030447538119,0.0005043351512649336,-2.778194229668534,-8.95338061697495,-3.569227889514414,0.006634663106466563,-0.0006400703940891778,0.0005029608266723209,-2.778148163369502,-8.953385055211543,-3.569224401501637,0.006632431274428381,-0.0006381425437992121,0.0005015869237411142,-2.778102112564001,-8.953389480076911,-3.569220923028387,0.006630200967802788,-0.0006362194789497011,0.0005002134430444634,-2.77805607724145,-8.953393891604234,-3.569217454091729,0.006627972184362881,-0.0006343011846721665,0.0004988403851434913,-2.77801005739128,-8.953398289826591,-3.569213994688726,0.006625744921878085,-0.0006323876461628653,0.0004974677505869422,-2.777964053002941,-8.953402674776958,-3.569210544816436,0.006623519178114722,-0.0006304788486828553,0.0004960955399115754,-2.777918064065884,-8.953407046488206,-3.569207104471914,0.00662129495083517,-0.0006285747775568848,0.0004947237536417203,-2.77787209056959,-8.953411404993107,-3.56920367365221,0.00661907223779934,-0.0006266754181742523,0.0004933523922902442,-2.777826132503553,-8.953415750324329,-3.569200252354372,0.006616851036763797,-0.0006247807559876804,0.0004919814563580766,-2.777780189857284,-8.953420082514445,-3.569196840575444,0.00661463134548233,-0.0006228907765133723,0.000490610946334609,-2.777734262620297,-8.953424401595916,-3.569193438312466,0.006612413161705088,-0.0006210054653299045,0.0004892408626972299,-2.777688350782137,-8.95342870760112,-3.569190045562476,0.006610196483180101,-0.0006191248080791266,0.0004878712059123178,-2.777642454332356,-8.953433000562322,-3.569186662322508,0.006607981307651997,-0.0006172487904646725,0.0004865019764345014,-2.777596573260528,-8.953437280511691,-3.569183288589593,0.006605767632863459,-0.0006153773982527473,0.0004851331747076136,-2.777550707556241,-8.953441547481303,-3.56917992436076,0.006603555456554036,-0.0006135106172705202,0.0004837648011639655,-2.777504857209089,-8.953445801503127,-3.569176569633032,0.00660134477646114,-0.0006116484334053316,0.000482396856224802,-2.777459022208693,-8.95345004260904,-3.569173224403432,0.006599135590446095,-0.0006097908323794708,0.0004810293403705047,-2.777413202544684,-8.953454270830813,-3.569169888668978,0.00659692789649537,-0.0006079377994744025,0.0004796622544262562,-2.777367398206714,-8.953458486200125,-3.56916656242668,0.006594721691651337,-0.0006060893209820414,0.0004782955994764153,-2.777321609184446,-8.95346268874856,-3.569163245673544,0.006592516973310787,-0.0006042453837540379,0.0004769293757093079,-2.777275835467565,-8.953466878507601,-3.569159938406579,0.006590313739798834,-0.0006024059740163312,0.0004755635825299634,-2.777230077045767,-8.953471055508645,-3.569156640622792,0.006588111988839737,-0.0006005710780452885,0.0004741982202670506,-2.77718433390877,-8.953475219782987,-3.56915335231919,0.006585911718188032,-0.0005987406821082176,0.0004728332892564912,-2.777138606046292,-8.953479371361833,-3.569150073492777,0.006583712925562284,-0.00059691477257334,0.0004714687898342052,-2.777092893448081,-8.95348351027629,-3.569146804140555,0.006581515608679168,-0.0005950933358676907,0.0004701047223261581,-2.777047196103899,-8.953487636557375,-3.569143544259525,0.006579319765253232,-0.000593276358476479,0.000468741087048141,-2.777001514003519,-8.953491750236005,-3.56914029384668,0.006577125392997102,-0.0005914638269428568,0.000467377884305901,-2.776955847136738,-8.953495851343007,-3.56913705289902,0.006574932489622241,-0.0005896557278681953,0.0004660151143956538,-2.776910195493356,-8.953499939909117,-3.569133821413536,0.006572741052837133,-0.0005878520479102525,0.0004646527776030048,-2.776864559063198,-8.95350401596498,-3.569130599387219,0.006570551080349095,-0.0005860527737843201,0.0004632908742041177,-2.776818937836105,-8.953508079541141,-3.569127386817059,0.006568362569840566,-0.0005842578922465144,0.0004619294044468589,-2.776773331801937,-8.953512130668061,-3.569124183700045,0.006566175518931114,-0.0005824673899216989,0.000460568368152167,-2.776727740950554,-8.953516169376107,-3.569120990033166,0.006563989926075365,-0.0005806812539957422,0.0004592077656185554,-2.776682165271844,-8.953520195695553,-3.569117805813406,0.006561805788484075,-0.0005788994716522242,0.0004578475981624328,-2.776636604755713,-8.95352420965659,-3.569114631037743,0.006559623102983586,-0.000577122029315062,0.0004564878653891737,-2.776591059392088,-8.953528211289308,-3.569111465703162,0.00655744186822449,-0.0005753489140945217,0.0004551285667653354,-2.776545529170888,-8.953532200623714,-3.569108309806643,0.006555262082267103,-0.0005735801136381576,0.0004537697035265628,-2.77650001408207,-8.95353617768973,-3.569105163345161,0.006553083741660035,-0.0005718156147596148,0.0004524112760780708,-2.776454514115606,-8.953540142517177,-3.569102026315693,0.006550906844349512,-0.0005700554043207375,0.0004510532834766414,-2.776409029261476,-8.953544095135797,-3.569098898715218,0.006548731389040734,-0.0005682994701296036,0.0004496957263095542,-2.776363559509682,-8.95354803557524,-3.569095780540709,0.00654655737263323,-0.0005665477995776424,0.0004483386056705723,-2.776318104850231,-8.953551963865072,-3.569092671789133,0.006544384792230329,