{"schema":"mcs-ephem-v1","t_jd":[2456575.0,2456575.006944444,2456575.013888889,2456575.020833333,2456575.027777778,2456575.034722222,2456575.041666667,2456575.048611111,2456575.055555556,2456575.0625,2456575.069444444,2456575.076388889,2456575.083333333,2456575.090277778,2456575.097222222,2456575.104166667,2456575.111111111,2456575.118055556,2456575.125,2456575.131944444,2456575.138888889,2456575.145833333,2456575.152777778,2456575.159722222,2456575.166666667,2456575.173611111,2456575.180555556,2456575.1875,2456575.194444444,2456575.201388889,2456575.208333333,2456575.215277778,2456575.222222222,2456575.229166667,2456575.236111111,2456575.243055556,2456575.25,2456575.256944444,2456575.263888889,2456575.270833333,2456575.277777778,2456575.284722222,2456575.291666667,2456575.298611111,2456575.305555556,2456575.3125,2456575.319444444,2456575.326388889,2456575.333333333,2456575.340277778,2456575.347222222,2456575.354166667,2456575.361111111,2456575.368055556,2456575.375,2456575.381944444,2456575.388888889,2456575.395833333,2456575.402777778,2456575.409722222,2456575.416666667,2456575.423611111,2456575.430555556,2456575.4375,2456575.444444444,2456575.451388889,2456575.458333333,2456575.465277778,2456575.472222222,2456575.479166667,2456575.486111111,2456575.493055556,2456575.5,2456575.506944444,2456575.513888889,2456575.520833333,2456575.527777778,2456575.534722222,2456575.541666667,2456575.548611111,2456575.555555556,2456575.5625,2456575.569444444,2456575.576388889,2456575.583333333,2456575.590277778,2456575.597222222,2456575.604166667,2456575.611111111,2456575.618055556,2456575.625,2456575.631944444,2456575.638888889,2456575.645833333,2456575.652777778,2456575.659722222,2456575.666666667,2456575.673611111,2456575.680555556,2456575.6875,2456575.694444444,2456575.701388889,2456575.708333333,2456575.715277778,2456575.722222222,2456575.729166667,2456575.736111111,2456575.743055556,2456575.75],"pv":[-7.181561422058008,-6.354062861015874,-2.304333241829398,0.005293290056226273,-0.00137272775587184,-0.002204827689997658,-7.181524668819795,-6.354072384630414,-2.304348566255908,0.005291641066101162,-0.001370073560334474,-0.00220860814884621,-7.181487927063826,-6.354081889819909,-2.304363916956523,0.005289983165704079,-0.001367421346647079,-0.002212394632621257,-7.18145119685206,-6.35409137659821,-2.304379293973093,0.005288316330441928,-0.001364771140118141,-0.002216187144015439,-7.181414478246642,-6.35410084497934,-2.304394697347478,0.005286640534875382,-0.001362122966134437,-0.002219985683117585,-7.181377771309881,-6.354110294977499,-2.304410127121533,0.005284955751791747,-0.001359476848244979,-0.002223790249517668,-7.181341076104286,-6.354119726607043,-2.304425583337123,0.0052832619534765,-0.001356832808753648,-0.002227600844949131,-7.181304392692565,-6.354129139882486,-2.304441066036124,0.005281559113556911,-0.00135419087107056,-0.002231417473109406,-7.181267721137586,-6.35413853481851,-2.304456575260443,0.005279847207086943,-0.001351551060817896,-0.002235240136880208,-7.181231061502401,-6.354147911429983,-2.304472111051997,0.005278126208753992,-0.001348913404300426,-0.002239068836490356,-7.181194413850235,-6.354157269731948,-2.304487673452699,0.005276396091492839,-0.001346277926279066,-0.002242903570948594,-7.181157778244523,-6.354166609739614,-2.304503262504454,0.005274656827276498,-0.001343644649875418,-0.002246744340927159,-7.18112115474887,-6.354175931468347,-2.30451887824919,0.005272908389063332,-0.001341013598741497,-0.00225059114943174,-7.18108454342708,-6.354185234933695,-2.304534520728848,0.005271150751442763,-0.001338384798724996,-0.002254443999392293,-7.181047944343116,-6.354194520151382,-2.304550189985391,0.005269383889144597,-0.001335758276913993,-0.002258302891251464,-7.181011357561143,-6.354203787137321,-2.304565886060767,0.005267607775313949,-0.001333134059093157,-0.002262167823931261,-7.180974783145495,-6.354213035907589,-2.30458160899693,0.005265822382616854,-0.001330512168614304,-0.002266038797944685,-7.180938221160704,-6.35422226647844,-2.304597358835836,0.005264027683391986,-0.001327892630786509,-0.002269915813911989,-7.180901671671491,-6.354231478866304,-2.304613135619447,0.005262223651158196,-0.001325275472368306,-0.002273798873224699,-7.180865134742768,-6.354240673087793,-2.304628939389734,0.005260410259188745,-0.001322660719434985,-0.002277687976521386,-7.18082861043962,-6.354249849159703,-2.304644770188669,0.005258587480654929,-0.001320048398066468,-0.002281583124259491,-7.180792098827326,-6.354259007099009,-2.30466062805823,0.005256755288628897,-0.001317438534478932,-0.002285484316789408,-7.180755599971349,-6.354268146922877,-2.304676513040397,0.005254913656140869,-0.00131483115503041,-0.002289391554372551,-7.180719113937348,-6.354277268648644,-2.304692425177147,0.005253062556180214,-0.001312226286222129,-0.002293304837179619,-7.180682640791159,-6.354286372293837,-2.304708364510463,0.005251201961694877,-0.001309623954697668,-0.00229722416529189,-7.180646180598807,-6.354295457876172,-2.304724331082327,0.005249331845592445,-0.001307024187244435,-0.00230114953869902,-7.180609733426515,-6.354304525413547,-2.304740324934718,0.005247452180740945,-0.001304427010794737,-0.002305080957297431,-7.180573299340685,-6.35431357492405,-2.304756346109615,0.00524556293996827,-0.00130183245242495,-0.00230901842089151,-7.180536878407911,-6.354322606425954,-2.304772394649,0.00524366409606312,-0.0012992405393568,-0.002312961929191691,-7.180500470694972,-6.354331619937727,-2.304788470594848,0.00524175562177537,-0.001296651298957809,-0.002316911481813726,-7.18046407626885,-6.354340615478024,-2.304804573989129,0.005239837489816905,-0.001294064758742385,-0.002320867078276997,-7.180427695196699,-6.354349593065692,-2.304820704873813,0.005237909672861177,-0.001291480946371183,-0.002324828718005459,-7.180391327545875,-6.354358552719769,-2.304836863290866,0.005235972143544102,-0.001288899889652247,-0.002328796400325859,-7.180354973383916,-6.354367494459492,-2.304853049282249,0.005234024874464505,-0.001286321616541531,-0.002332770124466894,-7.180318632778558,-6.354376418304287,-2.304869262889913,0.005232067838185066,-0.001283746155144111,-0.002336749889557293,-7.180282305797724,-6.354385324273777,-2.304885504155808,0.005230101007231701,-0.001281173533713257,-0.002340735694627196,-7.180245992509527,-6.354394212387784,-2.304901773121873,0.005228124354094781,-0.001278603780651982,-0.002344727538605717,-7.180209692982269,-6.354403082666325,-2.304918069830044,0.005226137851229215,-0.001276036924513053,-0.00234872542032086,-7.180173407284455,-6.35441193512962,-2.304934394322241,0.005224141471055716,-0.001273472994000537,-0.002352729338497055,-7.180137135484767,-6.354420769798081,-2.304950746640382,0.005222135185960096,-0.001270912017968784,-0.00235673929175667,-7.180100877652082,-6.354429586692332,-2.304967126826373,0.005220118968294339,-0.001268354025423718,-0.002360755278617926,-7.18006463385548,-6.354438385833188,-2.304983534922105,0.005218092790377706,-0.001265799045524114,-0.00236477729749282,-7.180028404164225,-6.354447167241672,-2.304999970969464,0.005216056624496028,-0.001263247107580595,-0.002368805346688613,-7.17999218864777,-6.354455930939014,-2.305016435010319,0.005214010442903016,-0.001260698241057144,-0.002372839424405372,-7.179955987375762,-6.354464676946644,-2.305032927086533,0.005211954217820402,-0.001258152475571176,-0.002376879528735763,-7.179919800418055,-6.354473405286201,-2.305049447239944,0.005209887921439223,-0.001255609840894968,-0.002380925657662677,-7.179883627844675,-6.354482115979528,-2.305065995512385,0.005207811525919166,-0.001253070366954722,-0.002384977809060638,-7.179847469725859,-6.354490809048682,-2.305082571945672,0.00520572500338991,-0.001250534083832062,-0.002389035980693293,-7.179811326132022,-6.354499484515927,-2.305099176581605,0.005203628325951258,-0.001248001021764046,-0.002393100170213303,-7.179775197133789,-6.354508142403734,-2.305115809461963,0.005201521465674526,-0.001245471211144675,-0.00239717037515979,