{"schema":"mcs-ephem-v1","t_jd":[2452206.541666667,2452206.548611111,2452206.555555556,2452206.5625,2452206.569444444,2452206.576388889,2452206.583333333,2452206.590277778,2452206.597222222,2452206.604166667,2452206.611111111,2452206.618055556,2452206.625,2452206.631944444,2452206.638888889,2452206.645833333,2452206.652777778,2452206.659722222,2452206.666666667],"pv":[1.322342590715521,-0.3503781173997272,-0.196269619503404,0.003906865450503236,0.01117002612074427,0.005502532104280106,1.32236967642867,-0.3503006331422898,-0.196231449223455,0.00389331171283662,0.01114461104627064,0.00548995335313947,1.322396655939411,-0.3502233445378482,-0.1961933795891634,0.003876040287323562,0.01111338262203815,0.005473268187290092,1.32242349741821,-0.3501462990587803,-0.1961554461740921,0.003853147679468043,0.01107414465430488,0.005450232949632059,1.32245015119259,-0.3500695631572249,-0.1961177058741073,0.003821218558208885,0.01102353469741697,0.00541671737776532,1.322476534026569,-0.3499932325309338,-0.1960802568618439,0.003773556442276288,0.01095637598669191,0.00536436692354467,1.322502492783047,-0.3499174462905677,-0.196043286442372,0.00369549216231941,0.01086548249636195,0.005274128140353707,1.322527710220773,-0.3498423860697556,-0.1960072019302583,0.003550839491233639,0.01074887013400037,0.005096148265235857,1.322551476761518,-0.3497680186045525,-0.1959729943053657,0.00327767259394863,0.0107488181599533,0.004718533708348402,1.32257322239887,-0.3496913485686865,-0.1959420027724651,0.003009806599978249,0.01145668553562678,0.004219467664704789,1.322594294344182,-0.3496078316628978,-0.1959131629869969,0.003101748133612846,0.01255491054999215,0.004152953180824889,1.322616300942982,-0.349518127839626,-0.195884124547979,0.003254411298475487,0.01321871469153955,0.004246457430350035,1.322639554301285,-0.3494249456323629,-0.1958539739168139,0.003439440454561057,0.01357966041140285,0.004439476766420261,1.322663998642641,-0.3493299039631045,-0.195822496406068,0.003594772787086583,0.0137729800366156,0.004621556570695005,1.322689407349245,-0.349233849317942,-0.1957898535255043,0.003718171738051142,0.01388067052787007,0.004774809372051152,1.322715582497446,-0.3491372214141139,-0.1957562403536614,0.003816721550052208,0.0139425767802123,0.004901871783692197,1.322742374941297,-0.3490402620280812,-0.1957218200387802,0.003896880668741812,0.01397844114050246,0.00500813733232948,1.322769674312786,-0.3489431123095342,-0.1956867201165643,0.003963373573778935,0.01399864823961862,0.005098282838903992,1.322797420410721,-0.3488458366317015,-0.1956510589304874,0.004019949651414765,0.01400925500359087,0.005175857326601459],"meta":{"generated_at":"2026-01-21T13:54:27+00:00","source":{"name":"JPL Horizons","service":"https://ssd.jpl.nasa.gov/api/horizons.api"},"frame":{"center":"@0","ref_system":"ICRF","ref_plane":"FRAME","out_units":"AU-D","time_type":"UT","vec_table":"2"},"object":{"name":"Mars Odyssey","spkid":-53},"window":{"start":"2001-10-24 01:00:00","stop":"2001-10-24 04:00:00","step":"10 m"},"signature":{"source":"NASA/JPL Horizons API","version":"1.2"}}}
