{"schema":"mcs-ephem-v1","t_jd":[2452213.0,2452213.006944444,2452213.013888889,2452213.020833333,2452213.027777778,2452213.034722222,2452213.041666667,2452213.048611111,2452213.055555556,2452213.0625,2452213.069444444,2452213.076388889,2452213.083333333,2452213.090277778,2452213.097222222,2452213.104166667,2452213.111111111,2452213.118055556,2452213.125],"pv":[1.348393632829311,-0.2636317454266838,-0.1573620194154597,0.003551260168148647,0.0140131420360711,0.006003634242961196,1.348418324694064,-0.2635344681465329,-0.1573202733601756,0.003559938536693452,0.01400271648732381,0.006019148270249104,1.34844307564056,-0.2634372632305023,-0.1572784212212963,0.003568280050836771,0.0139923007333002,0.006034192426984808,1.348467883417357,-0.263340130619824,-0.1572364661390579,0.003576309970497898,0.0139818924716428,0.006048801117383498,1.348492745941766,-0.2632430702714038,-0.1571944110279946,0.003584050130692774,0.01397148770313573,0.006063006496519673,1.34851766126722,-0.2631460821807423,-0.1571522585817247,0.003591520268048799,0.01396108201168691,0.006076837877025213,1.348542627586591,-0.2630491663649311,-0.1571100113077104,0.003598739303993251,0.01395067182491345,0.006090321079332845,1.348567643215238,-0.262952322870549,-0.1570676715389876,0.003605724008451008,0.0139402526720383,0.00610348019758468,1.348592706579842,-0.2628555517761554,-0.1570252414482438,0.003612489700919898,0.01392981981930479,0.006116337356852187,1.348617816208903,-0.2627588531940092,-0.1569827230607197,0.003619050410042872,0.01391936829790545,0.006128912929946759,1.348642970724264,-0.262662227271635,-0.1569401182657101,0.003625419012095382,0.01390889292375145,0.006141225726371978,1.348668168833542,-0.2625656741932654,-0.1568974288268314,0.003631607351573485,0.01389838831050813,0.006153293157592755,1.348693409323328,-0.2624691941812171,-0.1568546563912163,0.003637626346518651,0.01388784887700766,0.006165131382087737,1.348718691053093,-0.2623727874972336,-0.156811802497763,0.003643486080773727,0.01387726884989632,0.006176755433083045,1.348744012949672,-0.2622764544438184,-0.1567688685845472,0.003649195885002689,0.01386664226217422,0.006188179331397808,1.348769374002289,-0.2621801953656017,-0.1567258559955023,0.003654764408008684,0.01385596294812867,0.006199416185445106,1.348794773258047,-0.2620840106507434,-0.1566827659864381,0.003660199679642875,0.01384522453502721,0.006210478280120063,1.348820209817828,-0.2619879007324092,-0.1566395997304804,0.003665509166391325,0.01383442043183459,0.00622137715603901,1.348845682832548,-0.2618918660903347,-0.1565963583229894,0.003670699820559776,0.01382354381512491,0.006232123680377763],"meta":{"generated_at":"2026-01-21T13:54:28+00:00","source":{"name":"JPL Horizons","service":"https://ssd.jpl.nasa.gov/api/horizons.api"},"frame":{"center":"@0","ref_system":"ICRF","ref_plane":"FRAME","out_units":"AU-D","time_type":"UT","vec_table":"2"},"object":{"name":"Mars Odyssey","spkid":-53},"window":{"start":"2001-10-30 12:00:00","stop":"2001-10-30 15:00:00","step":"10 m"},"signature":{"source":"NASA/JPL Horizons API","version":"1.2"}}}
