{"schema":"mcs-ephem-v1","t_jd":[2457574.25,2457574.256944444,2457574.263888889,2457574.270833333,2457574.277777778,2457574.284722222,2457574.291666667,2457574.298611111,2457574.305555556,2457574.3125,2457574.319444444,2457574.326388889,2457574.333333333,2457574.340277778,2457574.347222222,2457574.354166667,2457574.361111111,2457574.368055556,2457574.375,2457574.381944444,2457574.388888889,2457574.395833333,2457574.402777778,2457574.409722222,2457574.416666667,2457574.423611111,2457574.430555556,2457574.4375,2457574.444444444,2457574.451388889,2457574.458333333,2457574.465277778,2457574.472222222,2457574.479166667,2457574.486111111,2457574.493055556,2457574.5,2457574.506944444,2457574.513888889,2457574.520833333,2457574.527777778,2457574.534722222,2457574.541666667,2457574.548611111,2457574.555555556,2457574.5625,2457574.569444444,2457574.576388889,2457574.583333333,2457574.590277778,2457574.597222222,2457574.604166667,2457574.611111111,2457574.618055556,2457574.625,2457574.631944444,2457574.638888889,2457574.645833333,2457574.652777778,2457574.659722222,2457574.666666667,2457574.673611111,2457574.680555556,2457574.6875,2457574.694444444,2457574.701388889,2457574.708333333,2457574.715277778,2457574.722222222,2457574.729166667,2457574.736111111,2457574.743055556,2457574.75,2457574.756944444,2457574.763888889,2457574.770833333,2457574.777777778,2457574.784722222,2457574.791666667,2457574.798611111,2457574.805555556,2457574.8125,2457574.819444444,2457574.826388889,2457574.833333333,2457574.840277778,2457574.847222222,2457574.854166667,2457574.861111111,2457574.868055556,2457574.875,2457574.881944444,2457574.888888889,2457574.895833333,2457574.902777778,2457574.909722222,2457574.916666667,2457574.923611111,2457574.930555556,2457574.9375,2457574.944444444,2457574.951388889,2457574.958333333,2457574.965277778,2457574.972222222,2457574.979166667,2457574.986111111,2457574.993055556,2457575.0],"pv":[-5.431930353241901,0.2047148195033365,0.223000410103742,-0.0003085877438860433,0.00418108402514944,-0.001395152001498404,-5.431932491687427,0.2047441054542934,0.2229906772197602,-0.0003072786730128935,0.004253598855348447,-0.001408032201865767,-5.431934620917381,0.2047739019416593,0.2229808524708284,-0.0003059333677783561,0.004328134119462613,-0.001421616737746102,-5.431936740673931,0.2048042233286302,0.2229709308022617,-0.0003045500220596339,0.004404786608780813,-0.001435953348012764,-5.431938850686272,0.2048350846732551,0.2229609068136094,-0.0003031267014879705,0.00448365974454012,-0.001451093945910653,-5.431940950669683,0.2048665017765169,0.2229507747281136,-0.0003016613315515427,0.0045648641719424,-0.001467095074548168,-5.431943040324506,0.2048984912347304,0.2229405283588101,-0.0003001516843295361,0.004648518420123882,-0.001484018422540061,-5.431945119335047,0.2049310704968106,0.2229301610708025,-0.000298595363665171,0.004734749637028319,-0.001501931409228812,-5.431947187368334,0.2049642579269162,0.2229196657392054,-0.0002969897885596971,0.004823694409228908,-0.001520907850564137,-5.431949244072778,0.2049980728731149,0.2229090347021448,-0.0002953321745302073,0.004915499678509632,-0.001541028718807839,-5.431951289076684,0.2050325357428067,0.2228982597081078,-0.0002936195126306137,0.005010323768931203,-0.0015623830117307,-5.431953321986619,0.2050676680856728,0.2228873318568333,-0.0002918485457867479,0.005108337540177951,-0.00158506874996492,-5.43195534238559,0.2051034926851615,0.2228762415327575,-0.0002900157420287609,0.00520972568598382,-0.001609194124959314,-5.431957349831038,0.2051400336595343,0.2228649783298946,-0.0002881172641353609,0.005314688199304373,-0.001634878824471937,-5.431959343852594,0.2051773165737616,0.222853530966797,-0.0002861489351095836,0.005423442029990589,-0.001662255568218867,-5.431961323949595,0.2052153685636484,0.2228418871900207,-0.0002841061988016974,0.005536222965028574,-0.001691471893201837,-5.43196328958829,0.2052542184739215,0.2228300336641768,-0.0002819840748554334,0.005653287767294144,-0.001722692237008716,-5.431965240198721,0.2052938970121799,0.2228179558463228,-0.0002797771069972378,0.005774916615116066,-0.001756100378177107,-5.43196717517122,0.205334436920983,0.2228056378419508,-0.0002774793034846456,0.00590141589325747,-0.001791902306460454,-5.431969093852452,0.2053758731706802,0.22279306223931,-0.0002750840682884247,0.006033121395510625,-0.001830329613114338,-5.43197099554095,0.2054182431761533,0.222780209918049,-0.0002725841212711993,0.006170402011490629,-0.001871643513528586,-5.431972879482053,0.2054615870410703,0.2227670598273368,-0.0002699714052530124,0.006313663984497049,-0.001916139642763904,-5.431974744862137,0.2055059478339885,0.222753588727498,-0.0002672369773749761,0.006463355845582365,-0.001964153801210069,-5.43197659080204,0.2055513719014524,0.2227397708878069,-0.0002643708815741855,0.006619974151194464,-0.002016068875178328,-5.431978416349511,0.2055979092241212,0.2227255777313465,-0.0002613619982330115,0.00678407017886629,-0.002072323219478598,-5.431980220470539,0.2056456138232999,0.2227109774155256,-0.0002581978660958099,0.006956257769844649,-0.002133420871508904,-5.43198200203931,0.2056945442265396,0.2226959343339638,-0.0002548644703281546,0.007137222548982224,-0.002199944075802711,-5.431983759826572,0.2057447640028826,0.2226804085216101,-0.0002513459890076006,0.007327732804636201,-0.002272568745340672,-5.43198549248606,0.2057963423803486,0.2226643549399884,-0.000247624488305902,0.007528652375035014,-0.002352083685343576,-5.431987198538592,0.2058493549611421,0.2226477226127815,-0.0002436795539617628,0.007740955967359168,-0.002439414678850547,-5.431988876353335,0.2059038845531307,0.2226304535731411,-0.0002394878432010064,0.007965747431585535,-0.002535654911368393,-5.431990524125631,0.2059600221403462,0.2226124815720777,-0.0002350225367210716,0.008204281627856507,-0.002642103741454991,-5.431992139850601,0.2060178680199263,0.2225937304809418,-0.0002302526644183565,0.008457990661304846,-0.002760316573395996,-5.431993721291521,0.2060775331391342,0.2225741122983043,-0.0002251422706801176,0.008728515410983994,-0.002892169663702265,-5.431995265941723,0.2061391406727454,0.2225535246399095,-0.0002196493747807424,0.009017743431514756,-0.003039945255485741,-5.431996770978407,0.2062028278892227,0.2225318475454069,-0.0002137246684515687,0.00932785442525252,-0.003206444739407447,-5.431998233206282,0.206268748362476,0.2225089393709431,-0.0002073098753614698,0.009661374486028274,-0.003395140989673455,-5.431999648988358,0.206337074593581,0.2224846314423873,-0.000200335675586559,0.01002124002927653,-0.003610386271432077,-5.43200101416048,0.2064080011104969,0.2224587210039187,-0.0001927190727132373,0.01041087138073779,-0.003857700235492163,-5.43200232392522,0.206481748106505,0.2224309617855539,-0.0001843600556028626,0.01083425361905939,-0.004144175299180101,-5.432003572719715,0.2065585656439409,0.2224010511866304,-0.0001751374171757264,0.01129601634545698,-0.004479058051246119,-5.432004754050756,0.2066387383630313,0.2223686125727132,-0.0001649034469845412,0.01180149523805753,-0.00487459279176426,-5.432005860290094,0.2067225904136077,0.2223331703671033,-0.0001534778854345821,0.01235672194925053,-0.00534728657494579,-5.432006882424917,0.2068104898184523,0.2222941142868848,-0.0001406411387359777,0.01296824681506584,-0.005919818345961423,-5.43200780976442,0.2069028503819914,0.2222506469605803,-0.000126128952202355,0.01364255164884508,-0.006624001019653746,-5.432008629627704,0.2070001266990213,0.2222017055411175,-0.0001096337652008702,0.01438452014977269,-0.007505446272748551,-5.43200932710235,0.2071027920202045,0.2221458421034784,-9.082751435610257e-05,0.01519372754098329,-0.008630985475276288,-5.432009885138021,0.20721127513201,0.222081038645906,-6.944567446939483e-05,0.01605562548114611,-0.0101003665271372,-5.432010285709008,0.2073258000686568,0.2220044217056169,-4.553781389739591e-05,0.01692066711970618,-0.01206355264355309,-5.432010514020948,0.2074459960573193,0.2219118429148084,-2.0165541772841e-05,0.01765508733321391,