{"schema":"mcs-ephem-v1","t_jd":[2456575.0,2456575.006944444,2456575.013888889,2456575.020833333,2456575.027777778,2456575.034722222,2456575.041666667,2456575.048611111,2456575.055555556,2456575.0625,2456575.069444444,2456575.076388889,2456575.083333333,2456575.090277778,2456575.097222222,2456575.104166667,2456575.111111111,2456575.118055556,2456575.125,2456575.131944444,2456575.138888889,2456575.145833333,2456575.152777778,2456575.159722222,2456575.166666667,2456575.173611111,2456575.180555556,2456575.1875,2456575.194444444,2456575.201388889,2456575.208333333,2456575.215277778,2456575.222222222,2456575.229166667,2456575.236111111,2456575.243055556,2456575.25,2456575.256944444,2456575.263888889,2456575.270833333,2456575.277777778,2456575.284722222,2456575.291666667,2456575.298611111,2456575.305555556,2456575.3125,2456575.319444444,2456575.326388889,2456575.333333333,2456575.340277778,2456575.347222222,2456575.354166667,2456575.361111111,2456575.368055556,2456575.375,2456575.381944444,2456575.388888889,2456575.395833333,2456575.402777778,2456575.409722222,2456575.416666667,2456575.423611111,2456575.430555556,2456575.4375,2456575.444444444,2456575.451388889,2456575.458333333,2456575.465277778,2456575.472222222,2456575.479166667,2456575.486111111,2456575.493055556,2456575.5,2456575.506944444,2456575.513888889,2456575.520833333,2456575.527777778,2456575.534722222,2456575.541666667,2456575.548611111,2456575.555555556,2456575.5625,2456575.569444444,2456575.576388889,2456575.583333333,2456575.590277778,2456575.597222222,2456575.604166667,2456575.611111111,2456575.618055556,2456575.625,2456575.631944444,2456575.638888889,2456575.645833333,2456575.652777778,2456575.659722222,2456575.666666667,2456575.673611111,2456575.680555556,2456575.6875,2456575.694444444,2456575.701388889,2456575.708333333,2456575.715277778,2456575.722222222,2456575.729166667,2456575.736111111,2456575.743055556,2456575.75],"pv":[0.9582891784773475,0.2518972301923951,0.1090757618942829,-0.0002704171396495855,0.01852092239328593,0.00803556644361103,0.9582872983310307,0.2520258492015141,0.1091315652103648,-0.0002710554210040524,0.01852135964630516,0.008035792130887391,0.9582854139563284,0.2521544714052872,0.1091873701693508,-0.0002716342442913251,0.0185218430006101,0.00803603986712455,0.9582835257805516,0.2522830971356204,0.1092431769301078,-0.000272149394999436,0.01852237589058471,0.008036311332801731,0.9582816342616874,0.2524117267493513,0.1092989856637276,-0.0002725962451272711,0.01852296207950322,0.008036608376354162,0.9582797398914393,0.2525403606307484,0.1093547965547995,-0.000272969703622755,0.01852360570063019,0.008036933035744728,0.9582778431986353,0.2526689991942049,0.1094106098027952,-0.0002732641593529921,0.01852431130497616,0.008037287563569636,0.9582759447530634,0.252797642887288,0.1094664256236411,-0.0002734734152070149,0.01852508391694724,0.00803767445637781,0.9582740451698021,0.2529262921943262,0.1095222442515633,-0.0002735906116359829,0.01852592909939298,0.0080380964890346,0.9582721451141125,0.2530549476403475,0.1095780659411313,-0.0002736081375693346,0.01852685302988872,0.008038556755149391,0.9582702453070231,0.2531836097956874,0.1096338909696484,-0.0002735175261848267,0.0185278625905175,0.008039058714831078,0.9582683465316771,0.2533122792811816,0.1096897196398626,-0.0002733093324357461,0.01852896547395185,0.008039606251342434,0.9582664496406167,0.2534409567742975,0.1097455522831666,-0.0002729729884999752,0.01853017030933493,0.008040203738626213,0.9582645555641571,0.2535696430160926,0.1098013892632557,-0.0002724966323799509,0.01853148681234937,0.008040856122190234,0.9582626653200621,0.2536983388193902,0.1098572309804355,-0.000271866903673332,0.01853292596502747,0.008041569016516249,0.9582607800247733,0.2538270450782509,0.1099130778766418,-0.0002710686989682927,0.01853450023237295,0.008042348823044842,0.9582589009065056,0.25395576277923,0.1099689304414214,-0.0002700848772690205,0.01853622382487161,0.008043202873970536,0.9582570293205949,0.2540844930145215,0.110024789218965,-0.0002688959031624823,0.01853811301862869,0.00804413960865942,0.9582551667675856,0.254213236997646,0.1100806548165365,-0.0002674794118518517,0.0185401865484549,0.008045168791641988,0.9582533149146701,0.2543419960821009,0.110136527914561,-0.0002658096753784387,0.01854246609407201,0.008046301784053205,0.958251475621248,0.2544707717839129,0.1101924092788825,-0.0002638569428415146,0.01854497688626841,0.008047551884431925,0.9582496509696213,0.2545995658087967,0.1102482997756377,-0.0002615866185179998,0.0185477484690569,0.008048934760436041,0.9582478433020708,0.2547283800853458,0.1103042003895522,-0.0002589582294475673,0.01855081566684937,0.008050469001032784,0.9582460552660413,0.2548572168057808,0.1103601122465778,-0.0002559241167522959,0.01855421982410887,0.00805217683022109,0.9582442898696129,0.2549860784766339,0.1104160366422611,-0.0002524277604038968,0.01855801041158042,0.008054085040115861,0.9582425505502362,0.2551149679821197,0.1104719750775341,-0.0002484016117732112,0.01856224713228704,0.008056226226095652,0.9582408412607109,0.2552438886643914,0.1105279293044622,-0.0002437642565271202,0.01856700271884313,0.008058640444278183,0.9582391665779206,0.2553728444265318,0.1105839013855188,-0.0002384166533967503,0.01857236670244357,0.008061377469438595,0.9582375318419062,0.2555018398661058,0.1106398937713064,-0.000232237077629945,0.01857845057181321,0.008064499922513499,0.9582359433360876,0.2556308804512098,0.110695909404199,-0.000225074217417286,0.01858539495971726,0.008068087683605205,0.9582344085241549,0.2557599727561293,0.1107519518588698,-0.0002167375863227493,0.0185933798522384,0.008072244249367746,0.9582329363664285,0.2558891247828918,0.110808025536713,-0.0002069839528040213,0.01860263941615541,0.008077106108126392,0.9582315377499847,0.2560183464089076,0.1108641359407178,-0.0001954977197725286,0.01861348407962488,0.008082856937210557,0.9582302260852659,0.2561476500254458,0.1109202900742391,-0.0001818618716164487,0.01862633437011375,0.008089749766920054,0.9582290181527929,0.256277051473533,0.1109764970367355,-0.0001655137789136852,0.01864177451442542,0.008098142820874716,0.9582279353364261,0.2564065714608679,0.1110327689451113,-0.0001456758852771349,0.01866064068675824,0.008108559908465708,0.9582270054740722,0.2565362377897313,0.1110891224179723,-0.0001212431764552379,0.01868417309482314,0.00812179728218972,0.9582262657318122,0.2566660890242221,0.1111455810877998,-9.059323771496448e-05,0.01871429286342071,0.008139124168811632,0.9582257672456734,0.2567961808733346,0.1112021801183957,-5.125169059117637e-05,0.01875414106073535,0.008162687286615202,0.9582255829516394,0.2569265981052263,0.111258974971484,7.227404601395649e-07,0.01880921951141657,0.00819640437342937,0.958225821379353,0.2570574788681905,0.1113160601814933,7.189908732111962e-05,0.01889007684482747,0.008248183268150437,0.9582266514691824,0.2571890705585423,0.1113736152418676,0.000173520147498971,0.01901957415189736,0.008336364116865792,0.958228341367779,0.2573218801840506,0.1114320393575033,0.0003223887990417729,0.01925637418585857,0.008512850691545072,0.9582312121532071,0.2574571647332573,0.1114924604513832,0.0004946880839418046,0.01978375667616399,0.00897052539633943,0.9582336901524298,0.257598239106768,0.111558827765919,-0.0001169590910438887,0.02091073615589594,0.01034356140859005,0.9582250988133476,0.2577443920648789,0.1116347196512281,-0.002227773869319355,0.02089337284198063,0.01117272533987561,0.9582062941354513,0.2578876894303256,0.1117118459156811,-0.003028631973827458,0.02041845039508341,0.01101801533152526,0.9581841734377916,0.2580284964152965,0.1117878064417479,-0.003302047630903406,0.02015988343880622,0.01086849217598696,0.9581607567915711,0.2581679350361125,0.1118629145023345,-0.003428335396956265,0.02001052677457122,0.0107692651538363,0.9581366819046236,0.2583065416249948,0.1119374510274227,-0.003499328945246375,0.019914489255482,0.01070120730376567,0.9581122134697158,0.2584445919281987,0.112011585714799,-0.003544566340505834,