{"schema":"mcs-ephem-v1","t_jd":[2457640.46181713,2457640.468761574,2457640.475706019,2457640.482650463,2457640.489594907,2457640.496539352,2457640.503483796,2457640.510428241,2457640.517372685,2457640.52431713,2457640.531261574,2457640.538206019,2457640.545150463,2457640.552094907,2457640.559039352,2457640.565983796,2457640.572928241,2457640.579872685],"pv":[0.9829322114384416,-0.2130686102903805,-0.09251511232239215,0.003960127989225189,0.01523168680724321,0.006631102407334206,0.9829750771493302,-0.2129656122025241,-0.09247017625949641,0.007616962280826076,0.01564762657715612,0.005955496330108308,0.9830272257636614,-0.2128472951718601,-0.0924326904635332,0.006677387066187476,0.01823549413467185,0.004891446458103344,0.9830638753349124,-0.2127157213224924,-0.09240031405814829,0.00373887821321035,0.01934695693109527,0.00460191208822913,0.9830787057497804,-0.2125828302126047,-0.09236671788085489,0.000321219407928838,0.01895360372406834,0.004974717952250192,0.9830683581886985,-0.2124533422738344,-0.0923321548144299,-0.002113952715868555,0.01781279926416203,0.005394703569323932,0.9830549579472915,-0.2123342365595648,-0.09229213407929863,-0.001694972725827724,0.01666687863167234,0.006029399710822101,0.9830447385430856,-0.2122203418323222,-0.09224926666406155,-0.001270477095095723,0.01619712821309602,0.006281886707091703,0.9830370208501675,-0.2121087380277844,-0.09220518077620092,-0.000969861744710598,0.01596866062611916,0.006401901992809773,0.9830310707674119,-0.2119983306269525,-0.09216047186605747,-0.0007550606623089807,0.01583958603278373,0.006468451794849054,0.9830264071726275,-0.2118886342499863,-0.0921153990711981,-0.0005954121922239426,0.01575867838433867,0.006509519257156296,0.9830227169773975,-0.2117793999078106,-0.09207009323827932,-0.0004723621468242058,0.01570410814177812,0.006536855313663974,0.9830197882389131,-0.2116704855637804,-0.09202462796396868,-0.0003746515134023858,0.01566527288911655,0.006556096463480459,0.9830174714591626,-0.2115618035839159,-0.09197904807001295,-0.0002951737658010385,0.01563648729411738,0.006570231578392725,0.9830156573354568,-0.2114532965747087,-0.09193338255542034,-0.0002292515470297669,0.01561446147021497,0.006580972488375158,0.9830142635024066,-0.2113449251483926,-0.0918876510921078,-0.000173687846715069,0.01559717396929282,0.006589360901083407,0.983013226299445,-0.2112366612396953,-0.09184186754219056,-0.0001262247504223319,0.01558332121368158,0.00659606244729224,0.9830124954579894,-0.211128484225632,-0.0917960419832846,-8.522205056905338e-05,0.01557202850696058,0.006601519851236198],"meta":{"generated_at":"2026-01-21T23:22:46+00:00","source":{"name":"JPL Horizons","service":"https://ssd.jpl.nasa.gov/api/horizons.api"},"frame":{"center":"@0","ref_system":"ICRF","ref_plane":"FRAME","out_units":"AU-D","time_type":"UT","vec_table":"2"},"object":{"name":"OSIRIS-REx","spkid":-64},"window":{"start":"2016-09-08 22:00:00","stop":"2016-09-09 02:00:00","step":"10 m"},"signature":{"version":"1.2","source":"NASA/JPL Horizons API"}}}
