{"schema":"mcs-ephem-v1","t_jd":[2456922.5,2456922.506944444,2456922.513888889,2456922.520833333,2456922.527777778,2456922.534722222,2456922.541666667,2456922.548611111,2456922.555555556,2456922.5625,2456922.569444444,2456922.576388889,2456922.583333333,2456922.590277778,2456922.597222222,2456922.604166667,2456922.611111111,2456922.618055556,2456922.625,2456922.631944444,2456922.638888889,2456922.645833333,2456922.652777778,2456922.659722222,2456922.666666667,2456922.673611111,2456922.680555556,2456922.6875,2456922.694444444,2456922.701388889,2456922.708333333,2456922.715277778,2456922.722222222,2456922.729166667,2456922.736111111,2456922.743055556,2456922.75],"pv":[0.3836570744278037,-1.24593886517221,-0.5818242295129759,0.01198164937001758,0.004224078398457547,0.00150354719116302,0.3837402177388747,-1.245909536839876,-0.5818138081150466,0.01196317187275719,0.00422243436853449,0.001497600565489664,0.3838232225255195,-1.245880220952127,-0.5818034329752757,0.01194163374021877,0.004220487045622912,0.001490148906571573,0.3839060683520501,-1.245850917004895,-0.5817931262150993,0.01191617229656936,0.004218127457799963,0.001480770979280603,0.3839887167589654,-1.245821633552169,-0.5817828842965722,0.01188558858617721,0.004215438401467441,0.00146831682714619,0.3840711300976908,-1.245792370221213,-0.5817727428881638,0.0118481188643664,0.004212331372809848,0.001451527945065129,0.3841532520104441,-1.245763129838751,-0.5817627395984385,0.01180111695949917,0.004208846083124867,0.001428019906831836,0.3842350030696754,-1.245733914387254,-0.5817529346094384,0.01174045609068666,0.004205222007938637,0.001393437598426709,0.3843162672415513,-1.245704722454035,-0.581743431290042,0.01165950507524613,0.004202311952612244,0.001339105663483456,0.3843968696077043,-1.245675541086852,-0.5817344242570627,0.01154771897873746,0.004202995777557846,0.001245769971757311,0.3844765572232415,-1.245646315485054,-0.5817263241743232,0.0114108301812311,0.004221292311341739,0.001068027135526555,0.3845557502517675,-1.245616725464553,-0.5817199231983347,0.01140329325039836,0.004313578034431771,0.0007346994785580968,0.3846354389901853,-1.245586085685821,-0.5817168353227511,0.01162949329164784,0.004541434626647444,0.000114294014772362,0.3847187599335898,-1.245553409295217,-0.5817179420356974,0.01244205197345197,0.004857752829682451,-0.0003283764130877585,0.3848080018137087,-1.24551894310806,-0.5817204375176345,0.01319985141400999,0.005045016900137894,-0.0003567427639476437,0.3849014273833418,-1.245483633006746,-0.5817224048432839,0.01366502308182742,0.005110464921356464,-0.000195393443339801,0.3849973461750623,-1.245448084234727,-0.5817230988234933,0.01393583990651273,0.005122548239349935,-6.433238341027054e-06,0.3850947370809267,-1.245412531286072,-0.5817225518061904,0.01409956746717886,0.005115540972931346,0.0001605409279987236,0.3851930384053029,-1.245377051415641,-0.5817209356559903,0.01420385758697519,0.005102105384194321,0.0003006996283449615,0.3852919334202856,-1.245341672677162,-0.5817184282498575,0.01427346371529215,0.005086871281306866,0.0004180418857587714,0.3853912317067232,-1.245306400360326,-0.5817151713330514,0.01432161406535416,0.005071632000713252,0.0005172886508839648,0.3854908126691541,-1.245271231747643,-0.5817112764886041,0.01435582006923079,0.005057068548469881,0.0006023331042725821,0.3855905963572648,-1.245236161189534,-0.5817068315263759,0.0143805811764985,0.00504340982197549,0.0006761509680360245,0.3856905277101993,-1.245201182196549,-0.5817019062627776,0.01439872147150927,0.005030695858192779,0.0007409825528224286,0.3857905675889584,-1.245166288312588,-0.5816965569520981,0.01441208570780981,0.005018888701768537,0.0007985217799459496,0.3858906874260822,-1.245131473465581,-0.5816908295427151,0.01442192065129248,0.005007920893066098,0.0008500637953242446,0.3859908658996962,-1.245096732087513,-0.5816847620535389,0.01442909383272904,0.004997717030411383,0.0008966121253215836,0.3860910867910991,-1.245062059132117,-0.5816783863191388,0.01443422423681999,0.004988203234354895,0.0009389549831943766,0.386191337561253,-1.245027450048692,-0.5816717292857141,0.01443776322024534,0.004979311031882445,0.0009777196195143415,0.3862916083791008,-1.244992900739121,-0.5816648139860308,0.0144400462137092,0.004970978641671831,0.001013411351462317,0.3863918914424921,-1.244958407510618,-0.5816576602826101,0.0144413266865041,0.004963151064692552,0.001046441912506284,0.3864921804934466,-1.244923967029949,-0.5816502854415891,0.01444179901487618,0.004955779654152187,0.001077150305953984,0.3865924704657033,-1.244889576281448,-0.5816427045812615,0.01444161422078299,0.004948821490076542,0.001105818341618902,0.3866927572242649,-1.244855232529538,-0.5816349310266877,0.01444089101866348,0.004942238713568703,0.001132682356122202,0.3867930373698956,-1.244820933285835,-0.5816269765930516,0.0144397237071849,0.004935997891544721,0.001157942159878805,0.3868933080905125,-1.244786676280445,-0.5816188518143204,0.01443818789778601,0.004930069440874768,0.001181767944127165,0.3869935670467521,-1.244752459437045,-0.5816105661294675,0.014436344733644,0.00492442712033945,0.001204305669605879],"meta":{"generated_at":"2026-01-21T23:22:17+00:00","source":{"name":"JPL Horizons","service":"https://ssd.jpl.nasa.gov/api/horizons.api"},"frame":{"center":"@0","ref_system":"ICRF","ref_plane":"FRAME","out_units":"AU-D","time_type":"UT","vec_table":"2"},"object":{"name":"MAVEN","spkid":-202},"window":{"start":"2014-09-22 00:00:00","stop":"2014-09-22 06:00:00","step":"10 m"},"signature":{"source":"NASA/JPL Horizons API","version":"1.2"}}}
