{"schema":"mcs-ephem-v1","t_jd":[2453805.25,2453805.256944444,2453805.263888889,2453805.270833333,2453805.277777778,2453805.284722222,2453805.291666667,2453805.298611111,2453805.305555556,2453805.3125,2453805.319444444,2453805.326388889,2453805.333333333,2453805.340277778,2453805.347222222,2453805.354166667,2453805.361111111,2453805.368055556,2453805.375,2453805.381944444,2453805.388888889,2453805.395833333,2453805.402777778,2453805.409722222,2453805.416666667,2453805.423611111,2453805.430555556,2453805.4375,2453805.444444444,2453805.451388889,2453805.458333333,2453805.465277778,2453805.472222222,2453805.479166667,2453805.486111111,2453805.493055556,2453805.5],"pv":[-0.4996653566976546,1.388329433170849,0.6503037109099177,-0.0118839010793066,-0.001434393620254583,-0.001243059812215404,-0.499747866867259,1.388319492573342,0.6502950776324777,-0.01187895402098552,-0.001428404557995702,-0.001243315877969939,-0.4998303410681535,1.388309595611961,0.650286442763276,-0.01187353042384903,-0.001421813110816832,-0.001243515899255992,-0.4999127757307487,1.388299746764839,0.6502778067450432,-0.01186755270840387,-0.001414531672627919,-0.00124364372505863,-0.4999951666871247,1.388289951178845,0.6502691701497263,-0.01186092535577602,-0.001406454542371811,-0.001243678016817703,-0.5000775090283308,1.388280214811612,0.6502605337210444,-0.01185352938940645,-0.001397452969546902,-0.001243590241795526,-0.5001597969162739,1.388270544613609,0.6502518984340176,-0.01184521468686324,-0.001387368478920013,-0.001243341724715165,-0.5002420233318168,1.388260948764566,0.6502432655796958,-0.01183578905912911,-0.001376003739753409,-0.001242879223814753,-0.5003241797312338,1.388251436984558,0.6502346368882929,-0.01182500244766813,-0.001363109971055777,-0.001242128098575645,-0.5004062555674791,1.388242020951426,0.650226014711692,-0.01181252314518991,-0.001348368564943423,-0.001240981727230235,-0.5004882376079606,1.388232714867935,0.6502174023017162,-0.01179790202819011,-0.001331365768863088,-0.001239283843469178,-0.5005701089363919,1.388223536247706,0.6502088042474133,-0.01178051542488687,-0.001311554117921408,-0.001236799273014413,-0.5006518474446444,1.388214507028662,0.6502002271850316,-0.01175947194373634,-0.001288195223925073,-0.001233162274915641,-0.5007334234717502,1.388205655181327,0.6501916810001338,-0.01173345323951631,-0.001260272148278521,-0.001227781461797038,-0.5008147959470634,1.38819701707907,0.650183180964064,-0.01170042826629282,-0.001226354114395559,-0.001219654421855149,-0.5008959057645646,1.388188641039076,0.6501747517609162,-0.01165711012147833,-0.001184390844475284,-0.001206980742309594,-0.500976663700176,1.388180592570444,0.6501664356437055,-0.01159785283902231,-0.001131430734767029,-0.00118628468874764,-0.50105692678942,1.388172961502711,0.6501583104848944,-0.01151224343386094,-0.001063425095194184,-0.001150218432013816,-0.5011364482534,1.388165867710497,0.6501505341947023,-0.01137952528444998,-0.0009763772969139944,-0.001081396096766624,-0.5012147694850374,1.388159433411439,0.6501434684043885,-0.01115654114954888,-0.0008772351070473985,-0.0009334202525347112,-0.5012912167422198,1.38815329599665,0.65013800005347,-0.0108589808042506,-0.0009496990943679914,-0.0005995759093728693,-0.5013656009142502,1.388145300560658,0.6501357599788582,-0.0106060339387016,-0.00144868566639717,-2.347426888978137e-05,-0.5014397249338249,1.388132245381399,0.6501371614385144,-0.01082930890527172,-0.00231180361116711,0.0003472280154380116,-0.5015159445537246,1.388113973609638,0.6501400783950564,-0.01113339572204605,-0.002897994632785022,0.0004463798409168508,-0.5015942991587987,1.388092617600907,0.6501429964552635,-0.01142173585064904,-0.003218629852438078,0.0003818358740782411,-0.5016744054135625,1.388069628255034,0.6501452626173219,-0.0116394768254547,-0.003390019925211858,0.0002809424980127784,-0.5017558344245313,1.388045723313203,0.6501468745010726,-0.01180438302503911,-0.003485724292779642,0.0001847599892939029,-0.5018382660261094,1.388021306959938,0.6501478534718572,-0.01193059710269057,-0.003541320061357056,9.906197583881826e-05,-0.5019214751702643,1.38799658993932,0.650148275637178,-0.01202989703120373,-0.003574352437846258,2.423729324645423e-05,-0.5020053038006403,1.387971693953947,0.6501482121003282,-0.01211004777713733,-0.003593961101967589,-4.108659339015347e-05,-0.5020896379683808,1.387946693019341,0.6501477233304849,-0.01217618683937115,-0.003605206102613988,-9.848001969070285e-05,-0.5021743932063996,1.387921634078991,0.6501468594668252,-0.01223179379218711,-0.003611043869879204,-0.0001493223538907661,-0.5022595052723058,1.387896547914774,0.6501456619451624,-0.01227929078519042,-0.003613282439502605,-0.0001947414752691262,-0.502344924181862,1.387871455243188,0.6501441651743534,-0.01232040933383497,-0.003613070692714242,-0.0002356400257531307,-0.5024306102638106,1.387846370285961,0.6501423979536077,-0.01235641776700064,-0.003611162473541093,-0.0002727380304763034,-0.5025165314814767,1.387821302947686,0.6501403846000268,-0.01238826565277197,-0.003608065938012255,-0.0003066122800135547,-0.5026026615684032,1.387796260190789,0.6501381458279822,-0.0124166778778122,-0.00360413149086976,-0.0003377282568424867],"meta":{"generated_at":"2026-01-21T23:21:51+00:00","source":{"name":"JPL Horizons","service":"https://ssd.jpl.nasa.gov/api/horizons.api"},"frame":{"center":"@0","ref_system":"ICRF","ref_plane":"FRAME","out_units":"AU-D","time_type":"UT","vec_table":"2"},"object":{"name":"Mars Reconnaissance Orbiter","spkid":-74},"window":{"start":"2006-03-10 18:00:00","stop":"2006-03-11 00:00:00","step":"10 m"},"signature":{"version":"1.2","source":"NASA/JPL Horizons API"}}}
